Peptide	Genes	TD_1	TD_2	TD_3	TD_4	TD_5	TD_6	TD_7	TD_8	TD_9	TD_10	TD_11	TD_12	TD_13	TD_14	TD_15	TD_16	TD_17	TD_18	TD_19	TD_20	TD_21	TD_22	TD_23	TD_24	TD_25	TD_26	TD_27	TD_28	TD_29	TD_30	TD_31	TD_32	TD_33	TD_34	TD_35	TD_36	TD_37	TD_38	TD_39	TD_40	TD_41	TD_42	TD_43	TD_44	TD_45	TD_46	TD_47	TD_48	TD_49	TD_50	TD_51	TD_52	TD_53	TD_54	TD_55	TD_56	TD_57	TD_58	TD_59	TD_60	TD_61	TD_62	TD_63	TD_64	TD_65	TD_66	TD_67	TD_68	TD_69	TD_70	TD_71	TD_72	TD_73	TD_74	TD_75	TD_76	TD_77	TD_78	TD_79	TD_80	TD_81	TD_82	TD_83	TD_84	TD_85	TD_86
PGTMMPEAFLQEAQIMK	P07947	NA	NA	NA	NA	NA	NA	NA	NA	NA	NA	NA	NA	NA	NA	NA	NA	NA	296316	NA	NA	NA	NA	NA	NA	NA	NA	NA	NA	NA	NA	NA	NA	NA	NA	NA	NA	NA	NA	NA	NA	121506	NA	NA	NA	NA	NA	NA	NA	NA	NA	NA	NA	NA	NA	NA	NA	NA	NA	NA	NA	NA	NA	NA	NA	NA	NA	NA	NA	NA	NA	NA	NA	NA	NA	NA	NA	NA	NA	NA	NA	NA	NA	NA	NA	NA	NA
LQLSVTEVGTEK	P55196	998156.000000001	629651	1170310	617924	NA	694701.000000001	727244	601208	301302	608727	1281770	184791	1195590	691915	NA	733496	1604250	NA	846933.999999999	1045330	1886340	1158820	1858980	1373160	NA	1951500	2855830	1855090	3411810	2111160	683094	662700	NA	NA	1882770	958889.000000001	734746	980773	1175700	1089090	962658	NA	1664850	1121210	746390.999999999	808739	841889.000000001	551430	533335	446559	NA	141735	713963	968591	375002	NA	1672310	2074670	596543	1618240	NA	NA	1084830	1940820	1737710	NA	479223	1617320	1406710	1660340	869048.999999999	995127.999999999	746897.999999999	2003920	NA	NA	NA	282503	1096090	992734	597825	1938130	NA	NA	2476190	1597630
IIYIVHDEVK	P25788	1081800	350048	238999	NA	216194	NA	580392	NA	163730	371571	181681	311200	321105	154349	704996	485957	229851	298938	NA	NA	NA	NA	NA	NA	NA	707705	500581	286257	435208	NA	NA	319304	472820	NA	399485	NA	111844	NA	176398	603079	147045	573018	495327	347716	NA	254651	100511	240020	NA	NA	179394	NA	NA	NA	NA	NA	NA	NA	NA	NA	NA	355423	NA	910320	875900	505692	371464	NA	516790	744864	NA	NA	NA	136300	NA	NA	42587.7	NA	215221	NA	NA	NA	NA	NA	192845	57192.9
GEQVSQNGLPAEQGSPR	Q01082	117994	448668	630498	606173	1050900	599034	946365	486618	650093	412615	549748	527115	671239	180473	804285	286828	393157	909815	472198	680774	548942	898830	1029170	1415340	434095	584763	460700	473744	109792	954930.999999999	408156	107218	254846	145500	611132	904558	357616	1459090	140482	817779.999999999	1158150	263655	119768	139438	139363	300057	578629	352176	854565.999999999	761778.999999999	114777	530081	214381	456160	146090	411697	378019	616022.000000001	522171	1531790	467933	434887	299450	1353280	329621	269112	469194	1123960	945131.000000001	238529	201526	312883	1912910	216184	64379.3	662221.000000001	720662	557410	511150	394254	237462	1150420	297242	806976.000000001	961689	1660450
GTAAAAAAAAAAK	P50914	NA	35394899.9999999	NA	NA	NA	NA	22355200	NA	NA	17274100	NA	NA	NA	36482200	NA	20179900	27618100	NA	NA	NA	NA	NA	14909700	NA	NA	NA	22141000	NA	24488300	NA	NA	NA	NA	NA	NA	NA	NA	NA	NA	NA	NA	NA	NA	NA	NA	NA	NA	NA	NA	NA	42463400	NA	NA	NA	NA	NA	NA	NA	NA	NA	NA	31813400	24160400	NA	NA	NA	21259800	NA	NA	NA	NA	NA	NA	NA	37056400	12277700	26682100	NA	NA	NA	33191900	NA	NA	NA	NA	NA
VSPASPAGSPSADFAVHGESLGDR	Q96C92	NA	NA	NA	NA	NA	NA	NA	NA	140528	NA	NA	NA	NA	376738	NA	NA	NA	NA	NA	NA	NA	NA	NA	NA	NA	NA	NA	NA	NA	NA	129811	NA	NA	NA	NA	NA	191937	NA	NA	NA	NA	NA	NA	NA	NA	NA	NA	NA	NA	NA	NA	NA	NA	NA	NA	NA	NA	NA	NA	NA	NA	NA	NA	27228.5	NA	NA	NA	NA	NA	NA	NA	NA	NA	NA	NA	NA	NA	NA	NA	NA	NA	NA	NA	NA	NA	NA
MEIIQVPGYTQEEK	Q86WA8	158647	477239	NA	NA	310987	NA	347025	NA	NA	NA	NA	NA	NA	348876	NA	NA	NA	1590790	NA	NA	NA	NA	NA	NA	NA	NA	425484	NA	NA	NA	NA	NA	153732	NA	NA	NA	NA	42136.4	198308	NA	1349830	NA	NA	128425	NA	NA	NA	NA	NA	NA	NA	NA	NA	NA	NA	NA	NA	NA	NA	NA	NA	NA	NA	152901	151645	149316	NA	NA	99268.9000000001	631652	NA	NA	NA	NA	NA	NA	NA	150429	NA	NA	NA	NA	275091	NA	NA	NA
TLMAQSIYGGR	Q14204	2239770	3517510	4449820	2221900	4095890	4564620	4063530	5000220	2202430	3385580	4314360	2849190	3361130	2945090	3228010	1843040	1770440	2806350	1654560	2300650	2211700	2691730	3192370	1839670	2498530	3117160	2937780	3062220	3271640	1573330	2969820	3241750	4068910	1732510	4541030	NA	4465620	5587480	3807940	3149670	3179590	2262380	3807860	4109670	3136310	5392590	2160180	4724250	1438690	NA	2881130	2524560	1871570	3926700	2797960	2295460	2292110	2402300	2374590	3694370	2094230	1822190	1240530	2807380	4303780	4726120	4740640	3558000	4215190	3014370	2579680	3701550	4390250	2928350	2182710	2830170	3633550	978236	1681460	1602320	4619050	3333920	4742850	1739200	2123560	2923940
AAWAEYEAEK	P46100	NA	NA	NA	NA	NA	NA	NA	NA	NA	NA	NA	NA	NA	43517.6	NA	NA	NA	NA	NA	NA	NA	NA	NA	NA	NA	NA	NA	NA	NA	NA	NA	NA	NA	NA	NA	NA	NA	NA	NA	NA	NA	NA	NA	NA	NA	NA	NA	NA	NA	NA	NA	NA	NA	NA	NA	NA	NA	NA	NA	NA	NA	NA	NA	NA	NA	NA	NA	NA	NA	NA	NA	NA	NA	NA	NA	NA	NA	NA	NA	NA	NA	NA	NA	NA	NA	NA
GFDTSSSSSNSAASSSFK	P49790	425818	235377	203698	390943	25716.6	248170	310547	171567	163860	52159	216200	200079	200363	510820	135389	354077	280815	111805	211136	218001	191067	153826	79886	197742	284214	403508	483155	292980	264141	305374	163095	362207	111604	105664	85296.8	165969	310435	159562	281724	245637	212576	196053	278349	178405	312460	404605	160277	226050	183405	145633	300869	503334	324566	312508	431722	343552	515878	177020	205615	355053	177259	NA	120531	328721	226686	98977	203520	119591	248174	156225	394230	NA	313111	548592	235584	281312	236339	327029	271084	387953	229695	140236	166493	272541	411180	262279
TPDVSSALDK	P02654	NA	1562270	NA	NA	NA	NA	NA	NA	NA	NA	NA	NA	NA	NA	NA	NA	NA	NA	NA	NA	NA	NA	NA	NA	NA	NA	NA	NA	NA	NA	NA	NA	NA	1401850	NA	NA	NA	NA	NA	NA	NA	NA	NA	NA	NA	NA	NA	NA	NA	NA	NA	NA	NA	NA	NA	NA	NA	NA	NA	NA	NA	692802	NA	NA	NA	NA	NA	NA	NA	NA	355393	NA	104442	NA	NA	NA	NA	NA	NA	NA	NA	NA	NA	NA	NA	NA
AALNLPEAASYDEVR	O95602	NA	882542	NA	NA	NA	517725	765654.000000001	NA	NA	990003.999999999	NA	291666	NA	487003	150414	919915	85725.1	NA	347305	NA	NA	NA	NA	NA	NA	895377	NA	NA	NA	NA	NA	405054	NA	NA	236617	NA	NA	NA	769424	NA	NA	NA	NA	NA	NA	669782	119901	NA	NA	NA	NA	NA	NA	NA	NA	NA	NA	NA	NA	NA	NA	NA	NA	NA	247915	747513	NA	NA	598178	NA	NA	NA	NA	NA	NA	NA	NA	NA	NA	NA	NA	NA	NA	NA	NA	NA
ILGTEDLIVEVTSNDAVR	Q6PD74	NA	NA	NA	NA	NA	NA	NA	NA	NA	NA	NA	NA	NA	NA	NA	NA	NA	NA	NA	NA	NA	NA	NA	NA	108443	NA	NA	NA	NA	NA	NA	NA	NA	NA	NA	NA	NA	NA	NA	NA	NA	NA	NA	NA	NA	NA	NA	NA	NA	NA	NA	NA	NA	NA	NA	NA	NA	NA	NA	NA	NA	NA	NA	NA	NA	NA	NA	NA	NA	NA	NA	NA	NA	NA	NA	NA	NA	NA	NA	NA	NA	NA	NA	NA	NA	NA
AIIESDQEQGRK	Q12765	387813	268656	955674	219633	319701	116040	394312	288720	38177.4	624715	205000	629728	326146	237675	577400	557789	367041	366818	220270	198606	326968	215358	624957	32944.1	59543.8	152812	137327	409325	133347	88621.9000000001	547107	332625	NA	471856	1265210	NA	285197	242319	385311	540313	284524	129426	140292	372851	248136	164674	278766	363369	204209	NA	249954	181783	NA	225238	116211	NA	70241.7	580600	149432	424209	134515	124785	227539	484457	NA	525470	374968	508396	256975	224494	168873	95069.6	227942	449753	97449	301659	239292	906797.000000001	213318	35220.9	343625	272567	277481	277444	256138	342640
DEVQEVVFVPAGTHTPGSR	Q96FV2	NA	NA	480945	694323	94613.4	NA	NA	170672	418288	308479	148113	32147.7	485232	NA	282044	224217	541890	NA	255662	NA	NA	NA	NA	96865.4999999999	NA	760661.000000001	777507	264555	432804	NA	145035	NA	NA	NA	354389	391606	NA	NA	36383.8	165674	NA	186420	630785	NA	177907	104521	316339	190754	NA	NA	104537	460397	NA	NA	329772	NA	NA	NA	NA	NA	NA	NA	NA	605677	NA	331513	1486600	673529	652453	837421	NA	NA	NA	204808	NA	NA	NA	246347	NA	252793	NA	1583300	NA	NA	1244720	605550
TLAVLLDNILQR	Q09328	NA	NA	NA	NA	NA	NA	NA	NA	NA	261522	NA	NA	NA	NA	NA	NA	NA	246955	NA	NA	NA	NA	NA	NA	NA	NA	NA	NA	NA	NA	NA	NA	NA	NA	NA	NA	NA	NA	NA	NA	322512	NA	NA	NA	NA	NA	NA	NA	NA	NA	NA	NA	NA	NA	NA	NA	NA	NA	NA	NA	NA	NA	NA	NA	NA	NA	NA	NA	102286	NA	NA	NA	NA	NA	NA	NA	NA	NA	NA	NA	NA	NA	NA	NA	NA	NA
GENPFTDSPEEEK	Q9ULX6	569689	388214	346856	361641	494708	322936	1022890	114092	184784	231202	242218	133713	516666	291347	381931	730314	467247	282882	216916	646858	195653	NA	NA	84225.4	442578	245098	287464	119108	499508	562436	307329	152556	99714.2000000001	NA	219254	137509	196687	177573	135156	NA	447563	72438.9	219469	NA	371527	280124	284324	274356	169551	379516	548045	455536	65329.8	NA	NA	417968	NA	282595	56223.6	128142	NA	NA	NA	202502	626609	92283.9	62146.6	171451	339704	301859	368592	NA	NA	472068	777125	NA	339299	NA	NA	1321560	684937	172148	NA	199292	521027	59606.2
APSATQPATAETQHIADQVR	P04080	NA	NA	NA	NA	NA	NA	NA	144686	NA	NA	46332.4	NA	NA	NA	NA	NA	NA	NA	NA	NA	NA	NA	NA	NA	NA	NA	NA	72004.8	NA	NA	NA	NA	NA	NA	NA	NA	NA	NA	NA	696142	NA	NA	56338.7	NA	NA	NA	NA	56917.2	NA	NA	NA	NA	NA	NA	NA	NA	NA	NA	NA	NA	NA	NA	NA	NA	NA	NA	NA	NA	NA	NA	NA	NA	NA	NA	NA	NA	NA	NA	NA	NA	NA	NA	NA	NA	NA	NA
EAAWAISNLTISGR	O00629	1243590	1001830	1025530	833521	1337500	685183	1005180	829580	868094	959091	1127390	1583590	1143330	1317400	751949	1082680	1424170	1653070	912615	NA	579089	675315	607970	560191	1175270	893676.000000001	981833.999999999	765919	722301	315980	1109570	1226570	890301	781867	753050	324070	832255	907470.999999999	1262590	1009310	1571480	2013620	1003430	1041370	1191950	1171030	928492	744886	958787	NA	1033380	333946	742981	1306290	1283480	584718	429934	900636	1172550	458918	652997	367016	490480	1085370	1315980	1166080	1021690	813667	905685.999999999	578682	558407	505659	1817960	827224	880423	NA	885527	148479	1684920	851792.000000001	1079570	NA	1161730	1431950	1019790	317061
WGIQSAMNTSIVR	Q9NVH1	NA	1185380	NA	1265810	NA	NA	336977	NA	1591640	754790	NA	157311	389657	NA	NA	390820	374558	831362.999999999	NA	616967	619793	NA	NA	NA	NA	NA	792987	190401	656844	1040090	NA	NA	157209	NA	879661	NA	395874	NA	NA	354684	842115	NA	477717	NA	NA	785629	138760	160104	NA	NA	404783	NA	432457	NA	NA	NA	2078160	NA	NA	NA	NA	NA	NA	NA	469246	NA	NA	NA	NA	705047	NA	NA	NA	651253	NA	303585	541467	636970	NA	NA	294685	623135	NA	1798860	338362	353565
SLLLTTIPQIGSTEWSETLHNLK	Q13126	NA	NA	NA	NA	NA	110307	NA	NA	NA	NA	NA	NA	NA	NA	NA	NA	NA	NA	NA	NA	NA	NA	NA	NA	NA	NA	NA	NA	NA	NA	NA	NA	NA	NA	NA	NA	NA	NA	NA	NA	273021	NA	NA	NA	NA	NA	NA	NA	NA	NA	NA	NA	NA	NA	NA	NA	NA	NA	NA	NA	NA	NA	NA	NA	NA	NA	NA	NA	NA	NA	NA	NA	NA	NA	NA	NA	NA	NA	NA	NA	NA	NA	NA	NA	NA	NA
TAAALAPASLTSAR	Q9UQ35	3441050	3809880	5591200	9133180.00000001	4788400	5367310	6759920	4388870	5789060	3038530	4067820	1695550	6969480	4834970	5478130	5332100	5780660	3729270	4237620	5838290	6337930	5292750	4956610	6685520	5182540	5073850	5653110	5952020.00000001	5188730	5792460	3567390	4544620	NA	5016290	3636620	3295890	1303830	3872680	3502560	2958540	2296730	5421830	3935420	5953300	5368290	5375790	5099390	3656320	NA	7408730	6448090	7150560.00000001	4594310	6289490	5385480	6585740	6473290	5785040	7072000.00000001	6538529.99999999	5448630	9599250.00000001	8631900	2823320	NA	NA	2137350	1414280	5770690	5361830	6707730	4976110	4726060	5634690	5485490	6105630	7044450.00000001	4344910	7368930	NA	11422900	7715920	1502320	6429800	3404940	1964270
HIANYISGIQTIGHR	Q15393	2840120	4312570	2563290	309886	NA	2797700	3671950	2829260	2712220	NA	2186210	NA	4046700	NA	NA	NA	1253230	NA	1749860	NA	2010660	NA	NA	2986840	NA	2040960	3324200	NA	NA	NA	429505	2257410	3112580	NA	2059330	2417410	2778280	1550520	NA	2063240	NA	NA	4585700	1405450	1882090	3942000	1505820	2239660	1802260	1183210	NA	NA	NA	NA	1981880	1692200	3539840	2496370	NA	NA	NA	NA	NA	2655040	4334070	NA	3127150	2366370	3897750	NA	NA	NA	2884920	NA	NA	NA	1722930	1578070	790225	3403150	3521570	NA	NA	NA	NA	NA
EIFEQPESVVNTMR	Q06210	5864950	2805620	3433020	5656370	4737820	5258290	3394120	9813300	1143800	5535450	5202540	4639270	3407380	3086840	2897790	3992420	6299430	3276790	5503230	6221300	6163039.99999999	15026200	6485229.99999999	5634510	7132730	1745200	994774	8064599.99999999	2285020	6164390	6114450	4655350	7792390	2786570	3498410	NA	5238260	5267420	3588670	2719270	2858280	3451850	11661300	5625500	5253270	6702490	4146280	4347620	4105940	NA	3849420	3421400	5068380	1929380	4122480	5203270	5513560	6611880	4393120	3226590	3263970	4971030	2290430	4437220	5785330	4435310	1812040	2964010	3984800	10785600	2821120	14508800	8223619.99999999	6577590	5037340	13736300	3096800	8272640	1859790	5108450	4394650	1257950	2824570	9384980.00000001	9671960.00000001	1035470
DLIEFGMIPEFVGR	O76031	NA	NA	NA	NA	NA	NA	NA	NA	NA	NA	NA	NA	NA	NA	NA	NA	NA	NA	NA	NA	NA	NA	NA	NA	NA	NA	NA	NA	NA	NA	NA	101212	NA	NA	NA	NA	NA	NA	NA	NA	NA	NA	NA	NA	NA	NA	NA	NA	NA	NA	NA	NA	NA	NA	NA	NA	NA	NA	NA	NA	NA	NA	NA	NA	NA	NA	NA	NA	NA	NA	NA	NA	NA	NA	NA	NA	NA	NA	NA	NA	NA	NA	NA	NA	NA	NA
NGAVQTIAQR	P82675	NA	NA	NA	539803	NA	NA	323710	NA	NA	NA	NA	NA	541109	NA	NA	NA	263128	428985	NA	NA	NA	NA	NA	NA	NA	NA	NA	NA	NA	NA	NA	401900	345130	NA	NA	NA	218373	NA	NA	NA	NA	NA	NA	NA	263199	NA	NA	NA	NA	NA	NA	NA	NA	NA	NA	NA	475076	NA	NA	NA	NA	NA	NA	NA	NA	NA	NA	NA	NA	NA	NA	NA	NA	NA	NA	NA	NA	NA	NA	NA	NA	NA	NA	NA	NA	NA
YAQGADSVEPMFR	Q9UKV8	492605	467217	215632	349636	407329	541322	464674	421159	610876	314105	665831	571033	618158	NA	371433	450249	NA	NA	561562	401441	NA	569274	NA	NA	NA	448464	461758	279051	292464	495194	NA	296199	263213	295052	NA	NA	NA	484711	349652	464285	447918	404001	233012	427047	NA	493764	618568	196402	NA	NA	317660	NA	66898.2	NA	NA	674218	NA	NA	NA	NA	NA	NA	NA	409019	422113	424303	412206	802788	440926	428781	NA	NA	NA	337041	NA	NA	485651	NA	570672	NA	NA	NA	505023	NA	NA	NA
TMQGEGPQLLLSEAVSR	P46379	NA	NA	NA	NA	NA	NA	NA	NA	NA	NA	NA	NA	NA	NA	NA	NA	NA	NA	NA	NA	NA	NA	NA	NA	NA	NA	NA	NA	NA	NA	NA	NA	NA	NA	NA	NA	NA	NA	NA	NA	NA	NA	NA	NA	NA	NA	NA	NA	NA	NA	NA	NA	NA	NA	NA	NA	NA	NA	NA	NA	NA	NA	NA	NA	NA	NA	NA	NA	NA	141634	NA	NA	NA	NA	NA	NA	NA	NA	NA	NA	NA	NA	NA	NA	NA	NA
LREHDAAAESLVDQSAALHR	Q9BRV8	NA	NA	NA	NA	NA	NA	NA	NA	NA	NA	NA	NA	NA	NA	NA	NA	NA	NA	NA	NA	NA	NA	NA	NA	NA	NA	NA	NA	NA	NA	NA	NA	NA	NA	NA	NA	NA	NA	NA	NA	NA	NA	NA	NA	NA	NA	NA	NA	NA	NA	NA	NA	NA	NA	NA	NA	NA	NA	NA	1375270	NA	NA	NA	NA	NA	NA	NA	NA	NA	NA	777534	NA	NA	NA	NA	NA	NA	NA	NA	NA	NA	NA	NA	NA	NA	NA
PSDMHIQGLQSR	O43570	NA	NA	NA	NA	NA	NA	NA	NA	NA	NA	NA	NA	NA	NA	NA	NA	NA	NA	NA	NA	NA	NA	NA	NA	NA	NA	NA	NA	NA	NA	NA	NA	NA	NA	NA	NA	NA	NA	NA	NA	NA	NA	NA	NA	NA	NA	NA	NA	NA	NA	NA	NA	NA	NA	NA	NA	NA	NA	NA	NA	NA	NA	NA	NA	NA	NA	NA	NA	NA	NA	NA	NA	NA	NA	NA	NA	NA	NA	NA	NA	NA	NA	NA	NA	NA	3763160
YQAVTATLEEK	P40429	9440920	18583700	24167600	33832900	22385000	17496400	17110800	17431100	21730800	18148000	20124700	23402600	16963100	22180200	19605100	25294600	31117200	28981300	33425600	29231500	32074100	21551600	12597200	20080500	20655200	18925200	20904700	20126200	27228100	24423800	26234700	21485600	13594500	24322100	18839700	26217300	22113800	17947400	33321900	11791400	44078500	38918899.9999999	17436300	31998600	30575800	19875100	28870700	18015400	28588800	23326800	23250000	36745600.0000001	23533000	22752100	18382300	16767200	19867900	22133400	29154600	20464300	24099500	28324000	32729700	15065600	22857000	26744400	24616600	19249500	18051200	19238400	21333200	34096800	6415220	20351600	35224100	18258600	28880300	21123000	30073600	20487800	29000500	27415600	21984900	21476900	17866900	21888400
LFLIDFGLAK	P48729	172500	511607	491705	NA	879812.000000001	623655	901824	445050	221019	248123	385952	840283	334691	586698	531668	414377	908718.000000001	741803	760831.999999999	248577	601987	200407	280926	584049	338734	626717	848222	679083.999999999	541530	822710	270057	374204	425611	386180	338820	479949	927361.000000001	550308	198396	395176	420820	1678240	445116	164259	118447	242664	628004	254567	398198	321399	192889	717939	329489	1120860	NA	NA	612480	206497	268543	350281	253052	529265	346977	763663	749404	688006	942741.999999999	651826	600312	NA	691162	373571	327830	407869	254857	202479	762973	195093	751120.999999999	518406	678005	832143	205744	1290760	554727	787130
EQELQQTLQQEQSVLDQLR	Q15149	2747010	2483640	2102250	4919910	11100600	1571560	4336630	3210230	3057210	2488380	2547710	7116890	1546080	2457760	3878820	1100190	1311780	1094840	1697360	2491070	654487	5177020	1063000	3417670	7705880	3376700	4828100	3522560	2158820	7239540	4378640	3047210	3883440	1764530	9142370	2152810	1241590	3910330	1405060	3097930	1142080	946975.999999999	976382.000000001	1628930	1819300	1526610	4528950	4852810	4540310	1874020	2216120	3279960	1563990	6012480	8006820	NA	2796880	1812230	4748910	1884450	3626460	1884960	4498410	5933330	2566200	6586490	6782240	6915790	7007420.00000001	1456900	1802660	155654	10155000	NA	3733030	2972690	3488590	3130610	5262010	4515170	1324230	2794910	6008440	2355460	10353400	8220830
SVHISNAEPK	Q13148	933193.000000001	NA	NA	406019	NA	NA	NA	527952	460371	NA	723594	521732	667878	589160	441542	1234790	1086870	320624	531217	NA	NA	NA	NA	NA	NA	NA	NA	NA	NA	NA	319308	NA	NA	NA	331418	817701.999999999	434563	NA	379140	467172	NA	605254	NA	NA	759046	NA	NA	NA	416336	NA	221993	252768	254552	NA	NA	NA	NA	643383	NA	NA	NA	NA	NA	352139	NA	NA	NA	348383	NA	752695	NA	NA	NA	NA	NA	NA	628236	544223	848774	NA	NA	NA	NA	NA	NA	NA
AEEAMATYR	Q92619	186441	NA	NA	36157.9	NA	169362	NA	NA	221388	NA	NA	236206	NA	NA	263174	86690.6999999999	164690	143570	753870	NA	NA	NA	NA	NA	NA	NA	NA	NA	NA	NA	224581	233066	161002	NA	NA	NA	NA	NA	261825	NA	NA	375808	NA	108675	536003	NA	NA	NA	127173	NA	NA	NA	452682	NA	NA	NA	NA	NA	NA	NA	NA	NA	295374	NA	NA	82813.5	NA	NA	NA	NA	NA	NA	NA	NA	NA	NA	NA	NA	NA	NA	NA	NA	NA	NA	NA	NA
TTSPGLFFSLFSR	O95466	718321.000000001	NA	NA	NA	298546	713846	NA	272955	465673	79439.1000000001	385000	502358	162232	143353	720640	465212	689122	353333	2469160	887367	913514.999999999	140691	472818	348786	NA	NA	NA	NA	NA	NA	842850	760451	485216	710252	52441.7	NA	377583	228675	834959	717363	NA	988302.999999999	NA	60387	864710	250415	750065	239071	746653.000000001	NA	922789.000000001	489089	740338	170732	145347	NA	NA	160001	746832	286159	NA	1169170	1015870	NA	NA	158954	280174	212063	NA	NA	179530	NA	NA	224994	343394	143036	NA	415951	NA	NA	NA	NA	194262	517081	NA	NA
EAEAQAWEQAR	A6NC98	NA	NA	NA	NA	NA	NA	NA	258953	NA	NA	204143	NA	NA	NA	NA	34962.7	NA	NA	NA	NA	NA	NA	NA	NA	NA	NA	NA	NA	NA	NA	NA	NA	NA	NA	NA	NA	NA	NA	NA	NA	NA	NA	NA	NA	NA	NA	NA	31344.7	NA	NA	NA	NA	152410	NA	NA	NA	NA	NA	NA	NA	NA	NA	NA	NA	NA	NA	NA	NA	NA	NA	NA	NA	NA	NA	NA	NA	137043	NA	NA	NA	NA	NA	NA	NA	NA	NA
ESLTEDEATQFLK	O43293	218950	NA	NA	NA	NA	NA	NA	NA	NA	NA	NA	245396	NA	NA	NA	NA	NA	NA	NA	NA	NA	NA	NA	NA	NA	NA	NA	NA	59579.4	NA	NA	NA	90935.7	NA	NA	NA	NA	NA	NA	NA	NA	NA	NA	NA	NA	NA	NA	NA	NA	NA	NA	NA	NA	NA	NA	NA	NA	NA	NA	NA	NA	NA	NA	NA	NA	NA	NA	NA	NA	NA	NA	NA	NA	NA	NA	NA	NA	NA	NA	NA	NA	NA	NA	NA	NA	NA
SLEDPQTHANR	P07900	NA	22877.8	NA	NA	23960.4	NA	NA	NA	NA	13895	NA	NA	24133.1	57734.9	NA	NA	NA	NA	NA	NA	NA	NA	NA	NA	NA	NA	NA	NA	NA	NA	38887.3	26100.3	NA	NA	NA	NA	8864.56	NA	NA	NA	NA	NA	205592	156344	NA	NA	NA	43254.9	NA	NA	NA	NA	NA	NA	NA	NA	NA	NA	NA	NA	NA	NA	NA	94257.8	NA	NA	NA	NA	96983.2	NA	NA	NA	NA	NA	NA	NA	28884	NA	NA	NA	NA	NA	NA	NA	44474.3	NA
GEAGVPAEFSIWTR	O75369	NA	NA	NA	NA	NA	NA	NA	NA	NA	NA	NA	NA	NA	NA	41212.4	NA	NA	NA	NA	NA	NA	NA	NA	NA	NA	NA	NA	74463.7	74841.8	14349.3	NA	NA	NA	NA	54142.5	NA	NA	NA	NA	NA	NA	NA	NA	NA	NA	NA	NA	30110.1	NA	NA	NA	NA	NA	NA	NA	NA	NA	NA	NA	NA	NA	NA	NA	NA	NA	NA	NA	NA	10499.5	NA	NA	NA	NA	NA	NA	NA	NA	NA	NA	NA	NA	NA	NA	NA	NA	NA
VGTYQLAIVAK	Q9BV20	282735	1006020	214715	1385910	724589.000000001	668192	474427	114980	515023	NA	604828	487095	NA	429517	653758	563002	927411	298885	429275	379434	749305	NA	NA	427745	864080	1173200	732733.999999999	330918	358676	1296310	NA	475669	633219	275566	NA	NA	967967	299193	388326	304438	531777	318350	58104.7	446999	618006	453800	906078	379886	NA	289733	NA	452305	NA	427408	593051	NA	NA	NA	NA	NA	NA	631531	NA	970611	741060	549562	534373	883558	748141	479175	244646	NA	NA	1170290	NA	994267	1170340	NA	1348940	NA	1399050	659862.999999999	805424.999999999	NA	880212.999999999	380111
ADEASELACPTPK	P49327	NA	NA	NA	NA	NA	NA	NA	NA	NA	68917.5	NA	NA	NA	NA	NA	NA	NA	163925	NA	NA	NA	NA	NA	NA	NA	NA	NA	92634.4	NA	NA	NA	NA	NA	NA	518057	NA	NA	NA	NA	NA	NA	NA	391485	NA	NA	NA	NA	NA	NA	NA	NA	NA	NA	NA	NA	NA	NA	NA	NA	NA	NA	NA	NA	NA	NA	NA	NA	NA	NA	NA	NA	NA	NA	NA	NA	NA	NA	NA	NA	NA	NA	NA	NA	NA	89369.4000000001	NA
GIALPANTAEGLLNVIGMDK	P00813	45276.7	NA	NA	361006	NA	NA	NA	NA	NA	NA	NA	NA	NA	NA	NA	139442	NA	NA	397190	70349.1	NA	NA	NA	NA	NA	NA	NA	NA	NA	167824	NA	110341	138456	670739	NA	NA	NA	NA	NA	NA	NA	NA	NA	251493	271095	323876	NA	NA	245623	NA	177543	NA	182045	NA	NA	NA	NA	NA	NA	NA	NA	185917	NA	NA	NA	NA	NA	NA	NA	NA	NA	NA	NA	NA	NA	407052	NA	197039	166903	NA	NA	NA	NA	NA	NA	NA
VTVLFAGQHIAK	P21333	18497600	4333630	4230600	989486	8806399.99999999	8919439.99999999	11696000	17903200	5655000	8585730	11635800	10736300	6620650	10048700	13483100	11565100	4094950	5689320	15257600	6941440	4187750	9601800.00000001	25268900	5590850	11430800	827458	1521090	1896450	1602080	2119460	17606700	13690400	37439800	23841400	7012270	2254890	31063399.9999999	29111800	8500450	14638700	6861140	6313230	636901	6981930	6629560	6479330	10068800	17198300	5027720	22148900	7377660	6361500	2555640	10411200	18148600	12579500	1559330	1446660	6329900	14795000	21503800	5613100	12575100	4186070	3317050	14655000	3236280	29990700	2145130	NA	11203700	696759	19665800	2400920	4837610	20588200	11736800	10722200	5174960	7931010.00000001	1386420	2529550	18783900	12670200	708262	1199460
NTLIQFEDFGNHNAFR	P23368	955615.999999999	1862160	240782	136605	1150090	1247720	1554620	328505	2434710	678145	1073110	645740	655294.999999999	1420080	182427	1291900	2447670	1793330	606292	457171	502553	1034510	952693	1243150	481743	911779	557194	883218	245370	NA	974688	1084010	1804920	NA	513052	NA	957075	NA	1275400	961374.999999999	1435970	1822570	950068.999999999	496062	757253.000000001	522521	1123010	319620	797884	635758	1505890	698511	1806950	99524.7	236887	744208	NA	NA	856336	352240	379404	998484.999999999	1635850	1372690	999828	NA	1199820	204715	461675	167632	166761	203229	187719	1086670	1196010	1283970	424971	1568080	579260	243196	NA	541279	850780.000000001	2177920	491864	474035
EHSIDGTGWAPTR	Q969M7	NA	NA	NA	NA	NA	NA	NA	NA	NA	NA	NA	NA	NA	NA	NA	NA	NA	NA	NA	NA	NA	NA	NA	NA	NA	18003.6	NA	NA	14101.2	NA	NA	NA	NA	NA	NA	NA	NA	NA	NA	NA	NA	NA	NA	NA	NA	NA	NA	NA	NA	NA	NA	NA	NA	NA	NA	NA	NA	NA	NA	NA	NA	NA	NA	NA	NA	NA	NA	NA	NA	NA	NA	NA	NA	NA	NA	NA	NA	NA	NA	NA	NA	NA	NA	NA	NA	NA
IAPPEAPVTGYMFGK	P09874	NA	NA	79057.8	168310	NA	NA	183696	NA	NA	NA	NA	NA	394090	NA	NA	NA	NA	NA	NA	NA	NA	NA	NA	NA	NA	NA	NA	142029	47043.4	NA	NA	NA	NA	NA	NA	NA	NA	NA	NA	NA	NA	NA	NA	55606	NA	NA	NA	NA	NA	NA	NA	NA	NA	NA	NA	NA	NA	NA	NA	NA	NA	NA	NA	58596.5	NA	NA	NA	NA	NA	NA	NA	NA	NA	NA	NA	NA	NA	NA	NA	NA	NA	NA	NA	NA	NA	NA
EMIFEVLAPLAENDAIK	P52306	153896	90575.2	142952	167871	399899	127933	51083.6	61151.9	NA	NA	158287	227207	154111	64743.1	95217.3	297334	185213	103851	230907	NA	NA	NA	NA	NA	NA	173455	242319	254199	142851	NA	148636	220237	162728	127718	134737	NA	183554	108435	227062	206702	122707	212815	NA	201492	220836	173711	196982	198147	236560	NA	247750	176078	NA	NA	NA	NA	NA	NA	NA	NA	NA	NA	NA	NA	203041	201925	312014	NA	174563	243055	NA	NA	NA	NA	NA	NA	230482	NA	NA	NA	NA	NA	NA	NA	240452	NA
SPETGTAGGSSTASYSAGR	Q8NFC6	NA	95205.7000000001	104362	182891	204324	99839.1000000001	37313.4	127176	165915	130119	162605	118551	248039	117724	115779	141842	198990	95834.3999999999	173908	139483	129561	32432.6	89427.9999999999	NA	89815.7	168587	149448	140103	159527	150122	94056.4	89730.6	61211.6999999999	NA	101496	NA	117861	93805	83862.9	76134.2	NA	74919	125593	175850	208610	136395	140538	82066.0000000001	174694	NA	174560	195411	190038	181507	107839	NA	207944	168716	220520	174484	NA	NA	NA	22937.5	NA	NA	60645.2	70636.6	130180	115859	NA	61724.8	93969.5	149928	NA	117230	66084.1	196281	130218	187209	191466	NA	86576.6000000001	83183.8	NA	28494.7
QNTGMWESNANVK	P11215	NA	NA	NA	NA	NA	NA	NA	NA	NA	NA	NA	NA	NA	NA	NA	46510.5	NA	NA	56795.7	NA	NA	NA	NA	NA	NA	NA	NA	NA	NA	NA	NA	NA	NA	NA	NA	NA	NA	NA	NA	NA	NA	259122	NA	NA	NA	NA	NA	NA	NA	NA	NA	NA	558422	NA	NA	NA	NA	NA	NA	NA	NA	NA	NA	NA	NA	NA	NA	NA	NA	NA	NA	NA	NA	NA	NA	NA	NA	NA	NA	NA	NA	NA	NA	NA	NA	NA
DSPDLLLLLR	Q8WX92	606038.999999999	924889	746547	886613	529749	948000.999999999	615453	496773	595372	829287	443749	635939	943694.999999999	833497	472799	1330450	1197130	580110	429588	959542.999999999	888341.999999999	572533	467325	858732	NA	752817	923757.999999999	400271	942318	NA	723676.999999999	1136880	386989	773233	496812	1324810	793831	746296	1811500	670364	694450	751985.999999999	619485	1303950	644522	773705	557755	619875	807859	698165.999999999	710735	1307200	770309	599917	446571	NA	870135.000000001	824639	472180	1036800	534525	579164	826110	464795	734467.000000001	654015	478290	627348	687319	1157610	810741	775751	559271	1237650	NA	780654	1005690	1452080	539074	843279	1444130	905533.999999999	550472	923869.000000001	393199	508609
GELEVLLEAAIDLSK	Q93008	NA	12362.0971983683	NA	NA	28233.8031862608	NA	NA	NA	NA	NA	NA	NA	20682.2777378692	NA	NA	NA	29767.5323499679	NA	48704.2742115756	NA	21966.7048187241	NA	NA	NA	NA	NA	NA	NA	NA	NA	NA	NA	10610.8738221178	NA	NA	NA	NA	10227.0097024882	NA	NA	NA	NA	NA	NA	NA	NA	NA	NA	NA	NA	NA	NA	NA	NA	NA	NA	54925.6619310524	NA	NA	NA	NA	NA	NA	17227.019242573	18462.1515847457	NA	61879.7892324485	NA	11434.2974316401	NA	NA	NA	NA	NA	NA	24470.1527305601	NA	NA	NA	NA	NA	NA	NA	NA	NA	NA
TGSPGGPGVSGGSPAGGAGGGSSGLPPSTK	Q9Y6G9	NA	NA	NA	NA	17628.2	NA	NA	NA	NA	NA	NA	NA	NA	NA	NA	NA	NA	NA	NA	NA	NA	NA	NA	NA	NA	NA	NA	NA	NA	NA	NA	NA	NA	NA	NA	NA	NA	NA	NA	NA	NA	NA	NA	NA	NA	NA	NA	NA	NA	NA	NA	NA	NA	NA	NA	NA	NA	NA	NA	NA	NA	NA	NA	NA	NA	NA	NA	NA	NA	NA	NA	NA	NA	NA	NA	NA	NA	NA	NA	NA	NA	NA	NA	NA	NA	NA
EYLDNVQLGHILER	P28288	444812.99999948	2249008.65367232	1428749.99999833	114141.999999866	548952.999999357	580492.999999322	433987.999999493	1457319.9999983	126236.999999852	1670439.99999805	429237.999999497	286114.999999665	171658.999999798	36427.9999999575	1001059.99999883	1042509.99999878	214878.999999749	2732090.39791218	NA	2046229.99999761	2445719.99999714	3613559.99999577	1289669.99999849	1085679.99999873	1189959.99999861	290826.999999659	547645.999999359	1227139.99999856	1275219.99999851	4229138.90480028	445185.999999478	1136149.99999867	1926959.99999775	354344.999999586	3502162.76333728	697689.999999183	157826.999999815	958188.999998877	518289.999999395	462158.99999946	2989629.9999965	75363.699999912	2094639.99999755	77381.9999999092	339520.999999602	2173641.26733757	NA	895874.999998949	202571.999999764	120573.999999859	225640.999999736	766468.999999104	222954.999999738	243018.999999717	2405329.9999972	289665.999999661	2573689.99999699	6591659.99999227	285911.999999666	3396469.99999602	1561929.99999817	169281.999999802	NA	197171.999999769	8373359.9594882	1734699.99999797	483259.999999434	125169.999999854	617059.999999279	4424744.01806562	2896859.99999662	972427.99999886	956114.999998881	7623521.06578532	1507279.99999823	1230949.99999856	NA	1831019.99999785	209742.999999754	3174999.99999628	179341.99999979	611138.999999284	800218.999999062	324693.99999962	935765.999998908	817677.999999047
AGLENTVAETECR	CON_P13646-1 SWISS-PROT:P13646-1 Tax_Id=9606 Gene_Symbol=KRT13 Isoform 1 of Keratin, type I cytoskeletal 13	NA	NA	NA	NA	1108180	NA	NA	NA	469828	868337	NA	NA	NA	NA	NA	NA	NA	NA	1336540	NA	NA	NA	NA	NA	1521270	5191630	4200940	NA	427606	438208	NA	NA	NA	NA	806625.999999999	2202130	NA	NA	291707	4133400	NA	4876830	NA	NA	NA	NA	1011590	NA	788117	NA	NA	NA	NA	NA	NA	NA	NA	NA	NA	NA	901480	NA	NA	14636100	NA	NA	9730350	3185300	11694600	NA	NA	4014370	5872780	NA	NA	NA	817624	NA	4295340	NA	NA	5679060	656633	NA	23913300	NA
EVLPGEIVEISR	Q06203	650645	458639	782832	1163720	NA	NA	834289	NA	697880	411709	647232	1463050	1138130	NA	566471	1181640	NA	707536.000000001	NA	NA	NA	606440	NA	918995.000000001	NA	755050	568876	NA	1179820	NA	NA	1332510	NA	NA	653566	NA	NA	NA	NA	160044	1770100	1378980	NA	1614820	1725460	348310	NA	NA	777508.000000001	NA	NA	419679	1744990	1220460	NA	NA	298988	846514	551825	NA	NA	NA	NA	409742	783819	NA	834277.000000001	317034	469503	1220580	NA	947594	NA	NA	1050300	598934	NA	NA	NA	NA	3070730	NA	NA	NA	520466	NA
NQLLQEELEALQLQLR	O60437	NA	NA	245733	NA	NA	NA	NA	493934	611624	710555.000000001	584752	NA	224332	307029	594422	215300	389628	321050	NA	138850	NA	4901460	1169770	3498000	331748	650053	667189	381561	592936	1214240	NA	NA	246022	NA	856248.000000001	1304820	NA	1437600	NA	3005270	311466	227063	NA	NA	NA	475807	166893	441554	345562	NA	NA	NA	1919490	NA	NA	NA	1547770	2673270	210485	400698	1207310	NA	NA	1131230	1165290	106929	1498600	323564	2838740	269681	NA	345974	879818.999999999	182997	NA	887357	424708	1251320	1279170	515232	NA	795205	203949	2552020	743669	1377300
DVEDGAFLLR	Q5T5P2	NA	NA	NA	34665	NA	175717	688855	157033	NA	902418	219157	268871	59212.8	253312	130143	87643.1	158884	423572	626408	NA	NA	NA	239291	NA	535837	1118320	509277	229100	343827	NA	537229	247390	49322.6	361540	302200	NA	317136	190660	NA	607585	435080	NA	398191	260225	NA	190950	690984.000000001	318898	NA	NA	NA	NA	NA	NA	394341	593821	305608	NA	NA	416119	NA	NA	264131	539964	534437	515814	625586	483096	649997.999999999	491314	NA	NA	NA	NA	203197	134813	397740	NA	NA	NA	537461	NA	NA	NA	NA	341646
FEQSASNFYQQQAEGHK	Q9UBW5	NA	NA	NA	NA	NA	NA	NA	NA	156959	NA	483101	NA	NA	117360	NA	282635	75569.9	195841	887615	NA	NA	NA	NA	37904.3	NA	NA	NA	NA	NA	NA	109316	299844	NA	NA	NA	NA	NA	NA	NA	NA	NA	435034	NA	254476	NA	NA	179507	NA	756104	NA	72935.0000000001	NA	444287	NA	NA	NA	NA	NA	355141	NA	NA	NA	NA	NA	NA	NA	NA	84387.4999999999	NA	NA	NA	NA	NA	NA	NA	NA	NA	NA	NA	NA	NA	NA	NA	NA	NA	NA
LLSHGVPLPNWLINSYK	Q12769	403663	NA	NA	NA	NA	NA	NA	NA	NA	NA	NA	NA	NA	NA	NA	NA	NA	NA	NA	NA	NA	NA	NA	NA	NA	NA	605211	NA	NA	NA	NA	264945	NA	NA	NA	NA	NA	NA	NA	NA	NA	NA	164669	NA	NA	NA	NA	NA	NA	NA	NA	NA	NA	NA	NA	NA	NA	NA	NA	NA	NA	NA	NA	76937.4	NA	NA	NA	NA	NA	NA	NA	NA	NA	NA	NA	NA	NA	NA	NA	NA	NA	NA	NA	NA	NA	NA
NVTELNEPLSNEER	P61981	42479800	21218300	58197000	35669900.0000001	42916000	34374900	38727300	42929500	38433899.9999999	37713800.0000001	42654399.9999999	49038900.0000001	38295800	65071100	57145100.0000001	36953200	45267700	43748800.0000001	32671500.0000001	26208300	23535800	50028099.9999999	41409500	46453400	51673900	36483000	28709800	36102900.0000001	37737000.0000001	22772700	42679600	27587700	46826700	43630200	79916100	48074500	35236000	44318100	33895600	50315600	54575300.0000001	60426200	23899100	50077500.0000001	47604300	30356000	43895500	67252200.0000001	39381399.9999999	31709000	35832500	38267999.9999999	63924099.9999999	44895300	40125300	55417899.9999999	39433900	45130800	53775700	44358399.9999999	36988000	79073200	54887199.9999999	53690800.0000001	46691799.9999999	58569800	55892600	59790200.0000001	41165000	52976099.9999999	31197800	55459800	34088700	67055499.9999999	42292200	52699400	33270000.0000001	43091800	111324000	35027000	50536699.9999999	45941199.9999999	49242499.9999999	58836400	91106399.9999999	53982900
INVNEIFYDLVR	A6NIZ1	18306000	18804200	27092400	1030990	12077000	10876300	7494060	19512300	11714900	8693660.00000001	13650200	8009160	9323330	10729600	24081200	9036420	11809900	9037769.99999999	14326600	10480200	15505800	31290400	12570200	22044100	17638600	11197600	11051200	14264200	11282100	23460700	19462900	21459000	32742400	21301800	10744600	13371100	11318900	17634500	14163000	25851900	11516200	22688200	9812229.99999999	9393050.00000001	8213420	8594180	18442900	21808000	18036700	16803300	21840600	13245300	11427500	10601500	4048620	1095390	19845100	12762600	20531200	25978000	14929100	35977700	26167100	14771000	10514100	11611700	14597800	19655200	18491900	4850560	19188000	24021200	7636700	13739900	12786900	15777300	12122300	21311200	12114500	18073400	5541640	20285800	28539000	20025800	16986800	14469600
WQEVIPYTPAMQR	P09601	1768769.99998022	NA	NA	NA	303453.999996605	8485689.99990507	NA	1965459.99997802	1309509.99998535	NA	NA	317294.99999645	NA	1216559.99998639	NA	NA	1448269.9999838	732545.999991806	NA	NA	NA	NA	NA	NA	NA	NA	NA	NA	NA	NA	519009.999994195	1289579.99998558	1288809.99998558	1046839.99998829	NA	NA	6586359.9999263	NA	NA	NA	NA	1965239.99997802	7789859.99991286	NA	1464529.99998361	1099039.9999877	2456959.9999725	410462.999995408	NA	NA	1193889.99998664	NA	NA	NA	NA	1911979.99997861	NA	NA	NA	779375.99999128	NA	NA	NA	NA	1111979.99998756	NA	NA	NA	NA	NA	NA	NA	NA	NA	948358.999989389	NA	423172.999995265	NA	NA	NA	NA	NA	NA	NA	NA	NA
SGGAVEPLGTR	O75312	NA	NA	162771	163811	195781	58866.6	NA	216013	NA	42180.6	NA	281476	272063	NA	NA	89893.4000000001	441983	222479	156496	NA	NA	NA	NA	NA	NA	NA	NA	223165	NA	NA	NA	295457	36045.6	NA	99318.1	NA	NA	170928	238254	NA	92218.7	88873.3	NA	248499	216490	NA	NA	NA	NA	NA	NA	181332	NA	NA	NA	NA	NA	242533	NA	NA	145029	NA	NA	NA	NA	NA	NA	NA	NA	NA	171452	NA	NA	NA	NA	NA	NA	NA	NA	258337	NA	NA	NA	NA	160963	NA
YLTTAVITNK	P60228	519918	552115	816928	1059250	613593	652267	698194	491117	819028	583657	875630	1215140	869208	968750	583710	853223	1181960	767859	347221	846085	459440	NA	546218	859664	1064320	1065520	858434	796873.000000001	1244890	822944	471782	901328.999999999	NA	619902	452994	NA	963710	838339.000000001	1306100	NA	1444120	1066440	635311	1130030	1242560	615656	799269	601429	788392	NA	1078730	1439170	892931	803141	329857	613402	NA	644418	978319.000000001	808932	872142	1004610	1041840	525070	739389	834689.000000001	875352.000000001	302879	692709	626551	NA	845335	927434	371487	428801	686109	986493	440013	NA	583464	423862	NA	334556	515709	635977	NA
VGLNELYNGQILETIGGK	Q15063	1132150	251837	721562	1482380	NA	675044	258967	297650	3770830	412054	1474440	461107	563123	508856	594291	234755	440340	133508	527438	NA	NA	1622070	656063	404152	1032090	NA	NA	NA	NA	NA	1129970	338282	679590	8699759.99999999	728788.999999999	1327990	1082060	1356450	231408	2208020	213855	475313	NA	1442860	577655	NA	1693730	1995800	NA	277708	636510	NA	363967	219470	3917810	1077320	NA	NA	581562	610293	556138	424197	1107980	NA	NA	1527380	NA	NA	NA	NA	1429680	NA	393436	NA	1169100	1679480	NA	NA	418526	NA	NA	NA	1824310	NA	NA	NA
SVFALTNGIYPH	Q02878	135293	293958	NA	NA	189446	295280	212381	NA	251459	240882	NA	187522	555519	NA	404073	90186.3	194466	NA	NA	NA	NA	NA	NA	NA	NA	422088	333998	206588	167450	NA	NA	280739	NA	NA	147376	NA	206978	190358	103978	308943	NA	127197	184172	NA	203639	142308	NA	NA	249308	NA	NA	NA	NA	NA	421134	NA	NA	105693	NA	NA	NA	289262	NA	NA	229378	258952	386885	265316	NA	155559	NA	NA	176865	NA	NA	NA	NA	NA	265734	NA	126261	NA	NA	NA	NA	NA
LAIHNPNLPTTLPVNSQNIQPVR	Q13887	NA	1295180	117101	NA	965193	907644	1537800	162403	643549	956618	233744	363302	NA	1585490	NA	755510	542858	1118300	NA	NA	222993	NA	NA	1705500	315487	3362100	4902810	79745.1	3114100	682049	NA	NA	NA	NA	1433830	862824.000000001	482462	307573	NA	233109	NA	672973	2665570	NA	NA	2163800	NA	84796.5999999999	NA	NA	NA	NA	302331	NA	709625	304795	1318650	488766	487942	335857	NA	NA	NA	1662420	568020	NA	1521500	NA	1920290	943838	1297860	600566	997239	1311110	NA	265754	57831.4	NA	995857.999999999	189582	615355	787836.999999999	195597	182135	1229680	1401950
ISMPDIDFNLK	Q09666	2435410	418097	861384	1009350	2833190	974803	2084980	731700	1500430	1430440	1042620	3405710	437632	3080350	1951060	1666020	2159260	1026590	1569100	579957	1190110	2729260	1973860	1558070	3334680	3094160	3300740	1433420	2449390	2474300	960168	1476540	1240400	1514860	2219060	NA	1041120	1236140	1872780	3241380	1113700	853594.000000001	755005	1437440	398737	785087	3530360	1508970	1728620	NA	434405	3924610	2536570	2318920	483758	NA	1252810	3234810	847918	1393080	373483	303895	1487210	1629960	270947	340238	258222	1299310	2322200	1471380	399101	1870600	1418800	234656	1076280	1836580	1549510	2808270	2330270	1052870	2454790	NA	1847190	3920090	4629560	822468
NPDSITNQIALLEAR	Q9NTJ3	223835	198128	NA	254998	196411	78768.1000000001	211729	NA	NA	31368.6	NA	216537	386623	172137	NA	228586	196439	NA	NA	NA	NA	NA	NA	NA	NA	NA	NA	NA	NA	NA	NA	508895	NA	NA	31763.9	NA	31556.4	NA	213405	NA	NA	NA	194259	111767	NA	142929	NA	NA	NA	NA	NA	151272	100039	NA	NA	NA	NA	NA	NA	NA	NA	NA	NA	NA	NA	NA	NA	NA	29897.6	37390	NA	NA	NA	150040	NA	NA	NA	NA	NA	NA	NA	NA	NA	NA	NA	NA
ATLAALETMDTGK	P47895	NA	NA	2799490	2717510	656800	NA	NA	NA	222938	NA	456128	NA	1967300	NA	NA	NA	NA	NA	NA	NA	NA	NA	1217960	1282320	NA	NA	NA	NA	NA	NA	NA	NA	1728490	NA	386801	4025700	NA	1640590	NA	240600	NA	NA	NA	411175	NA	NA	3450720	NA	NA	NA	NA	NA	NA	NA	NA	NA	NA	NA	NA	NA	614935	NA	NA	NA	NA	1300130	NA	225367	NA	NA	NA	NA	NA	NA	NA	NA	7868580.00000001	NA	NA	NA	NA	NA	NA	8929770.00000001	NA	NA
YSSDYFQAPSDYR	Q08380	1347070	2544950	3085750	3055520	1074600	554732	1617030	914338.999999999	1359040	3107150	1668090	1703160	1795380	2811720	884684.000000001	2209630	1509490	2448830	849608	1726840	1286790	485769	1124710	1172690	2845950	1419220	2404560	5606070	1938520	5856930	490018	2616570	3276420	1031400	3201180	3628740	308901	1208180	3521870	1920560	1940390	599163	5318290	2115050	1474700	1969070	2672290	2265700	2091880	4231680	3399900	1531720	3945840	5841480	1547440	2950530	2147870	1540120	3133490	NA	1058920	317794	NA	3124520	2682080	1105420	1020140	1138300	3795790	5670080	518877	4485690	482751	2133430	665259	656764	1806910	624370	3179740	2033810	60242.7	2867700	913670	942422.000000001	1683250	2175930
LITASGSYHK	P22897	832076	NA	NA	NA	NA	83340.6	NA	NA	NA	NA	NA	NA	NA	NA	NA	NA	NA	NA	NA	NA	NA	NA	NA	NA	NA	NA	NA	NA	NA	NA	NA	NA	NA	NA	NA	NA	NA	NA	NA	NA	NA	NA	NA	NA	NA	NA	NA	NA	NA	NA	NA	NA	NA	NA	NA	NA	NA	NA	NA	NA	NA	NA	NA	NA	NA	NA	NA	NA	NA	NA	NA	NA	NA	NA	NA	NA	NA	NA	NA	NA	NA	NA	NA	NA	NA	NA
EEMELTLVGLQYSGK	Q9NVJ2	427517.261040057	450748.893209192	960366.386936682	322048.000002212	453413.674773855	525608.000003607	980768.104467883	749912.000005149	798260.712769128	746597.294488349	759646.804185044	546224.00000375	700981.000004812	430264.000002953	1179529.82787095	683112.746605567	427101.714862527	1897460.0041382	815266.552636506	151262.000001038	NA	371185.000002548	757317.000005199	NA	202043.000001388	368001.12425468	514746.000003535	261563.000001796	345171.497739194	339020.000002329	692757.000004755	668399.517025262	697066.000004783	583417.000004006	1006775.9461671	NA	797173.000005475	829519.000005694	601710.433545026	1260077.30684217	2317508.15766451	1593331.45811449	376094.000002581	624676.000004283	785803.000005395	311088.000002135	983925.926937163	1088928.37019947	799832.00000549	NA	NA	310649.000002132	NA	NA	439915.00000302	241027.000001655	NA	449856.00000309	NA	NA	NA	580944.000003987	NA	917240.939538095	79719.0000005474	867409.319745703	487331.000003347	538846.000003703	238086.453921773	331917.510546075	NA	NA	382556.000002627	NA	NA	140511.000000965	524925.000003603	276405.000001897	455900.000003129	153092.000001051	NA	NA	127217.000000873	NA	577062.00000396406	NA
LLSGPSQESPQTLGK	Q9BWE0	NA	NA	NA	NA	NA	NA	263749	36742.4	44704	NA	NA	NA	NA	NA	NA	NA	NA	NA	NA	NA	NA	NA	NA	107514	NA	NA	103470	NA	NA	NA	NA	27957.5	NA	NA	NA	NA	NA	NA	NA	NA	NA	NA	NA	NA	158038	NA	NA	NA	NA	NA	44352.4	NA	NA	NA	NA	NA	NA	NA	NA	NA	NA	NA	NA	NA	NA	NA	NA	NA	NA	NA	NA	NA	NA	NA	NA	NA	NA	NA	NA	NA	NA	NA	NA	NA	NA	NA
TTQGLTALLLSLK	Q9NRW7	182415	NA	342767	217702	165188	368715	366844	271470	184720	628886	NA	488951	596144	282506	366248	726647	176946	598672	171439	421421	NA	318191	NA	NA	522041	193747	231239	437712	382094	494492	296228	562186	536754	767054	319449	NA	NA	500650	666640	529122	629841	178444	537644	219035	385612	510385	281310	736942	392514	NA	235870	1014790	NA	NA	463313	NA	860846	NA	308301	NA	446818	NA	332574	175604	457850	247467	458723	457300	557793	555881	NA	NA	396161	658024.000000001	NA	NA	517259	NA	1109150	526075	NA	NA	543505	NA	NA	NA
WSQVAPPVLK	Q8N766	343889	630623.999999999	NA	276463	285072	152520	147129	241263	159357	248763	175290	370325	142867	NA	NA	401173	262164	791168	NA	NA	NA	NA	NA	NA	NA	128412	164097	60733	NA	NA	NA	262093	290059	NA	58106.3	NA	169275	141716	164933	NA	660088	307023	281959	217365	214901	256216	NA	403131	NA	NA	NA	348610	NA	NA	NA	NA	NA	NA	NA	NA	NA	NA	NA	259544	328957	341830	229165	236547	138216	137568	NA	NA	NA	NA	NA	NA	NA	NA	NA	128346	NA	NA	NA	NA	NA	NA
ESSQPDAFSSGGGSK	P35658	312748	408547	137058	398718	354427	178894	245362	NA	81229.7	271377	45446	NA	276072	181286	339636	142977	462739	306934	186967	NA	NA	NA	NA	NA	NA	676037.000000001	622103	204921	415918	201651	210271	242948	NA	NA	NA	NA	295564	218197	254975	342185	75117.9999999999	144655	422174	300504	94255	327416	NA	NA	NA	NA	354240	NA	NA	NA	NA	NA	142549	NA	NA	278270	NA	NA	NA	111405	NA	NA	106475	149180	108847	315171	NA	NA	203987	333465	NA	NA	NA	341645	345305	NA	174562	NA	321602	NA	NA	NA
GGAAVGGGEQPPPAPAPR	Q86Y38	NA	NA	NA	NA	NA	NA	NA	NA	NA	NA	NA	NA	NA	NA	NA	NA	NA	NA	NA	NA	NA	NA	NA	NA	13998.2	NA	NA	NA	NA	NA	NA	NA	NA	NA	NA	NA	NA	NA	NA	NA	NA	NA	NA	NA	NA	NA	NA	NA	NA	NA	NA	NA	NA	NA	NA	NA	NA	NA	NA	NA	NA	NA	NA	NA	NA	NA	NA	NA	NA	NA	NA	NA	NA	NA	NA	NA	NA	NA	NA	NA	NA	NA	NA	NA	NA	NA
YNQATPNFHQWR	P50552	119288	365073	133730	NA	190891	70835.2	72274.8	48905.3	328027	35468.2	220964	NA	NA	NA	NA	157931	NA	NA	120143	NA	NA	NA	NA	NA	NA	NA	151545	686363	NA	NA	382032	148103	261537	NA	420458	NA	NA	200550	40475.9	37373.8	NA	456585	57603.1	NA	NA	98117.1000000001	NA	49595.7	NA	NA	39920.2	NA	42197.5	NA	98407.4	NA	NA	NA	202250	NA	NA	NA	NA	245423	42041	178451	60150.6	117845	87164.8	NA	116718	NA	NA	NA	NA	NA	NA	NA	NA	NA	NA	NA	NA	NA	NA	NA
DKPHVNVGTIGHVDHGK	P49411	NA	NA	NA	NA	NA	NA	NA	NA	NA	NA	NA	NA	NA	NA	NA	47098.9	NA	NA	NA	NA	NA	NA	NA	NA	NA	NA	NA	NA	NA	NA	NA	NA	NA	NA	NA	NA	NA	NA	NA	NA	NA	NA	NA	NA	NA	NA	NA	NA	NA	NA	NA	NA	NA	NA	NA	NA	NA	NA	NA	NA	NA	NA	NA	NA	NA	NA	NA	NA	NA	NA	NA	NA	NA	NA	NA	NA	NA	NA	NA	NA	NA	NA	NA	NA	NA	NA
SQQQFLIHQQSGEQK	Q9ULJ7	NA	10561.6014410773	NA	NA	247454.001810306	NA	NA	NA	NA	NA	NA	NA	NA	NA	NA	NA	NA	NA	NA	NA	NA	NA	NA	NA	NA	88496.9289522127	38899.1905568246	NA	21836.9336750087	NA	NA	NA	NA	NA	61059.0213763318	NA	NA	NA	NA	NA	NA	NA	NA	NA	NA	NA	NA	NA	NA	NA	NA	NA	NA	NA	NA	NA	NA	NA	NA	NA	NA	NA	NA	54260.1274581235	NA	NA	49387.6973257226	NA	169270.823127912	NA	NA	NA	NA	NA	NA	NA	NA	NA	NA	NA	NA	NA	NA	NA	NA	106626.933397127
FLSAQSHSTSPQGLDSPLPLEGSGAHQVLHNESK	Q6ZRV2	NA	NA	NA	NA	NA	NA	NA	NA	NA	NA	NA	NA	NA	NA	NA	NA	NA	NA	NA	NA	NA	NA	NA	NA	NA	NA	NA	NA	NA	NA	NA	NA	NA	NA	NA	NA	NA	NA	NA	NA	NA	NA	NA	NA	NA	NA	NA	NA	NA	NA	NA	NA	NA	NA	NA	NA	NA	NA	NA	NA	NA	NA	NA	23620.2	NA	NA	NA	NA	NA	NA	NA	NA	NA	NA	NA	NA	NA	NA	NA	NA	NA	NA	NA	NA	NA	NA
NPPVNAISTTLLR	Q08426	1133680	2751280	NA	2205200	NA	774778.000000001	NA	1734620	NA	NA	NA	1767140	NA	NA	NA	NA	1270790	NA	NA	6932450	NA	NA	2534800	1074480	NA	NA	1259600	NA	NA	560200	NA	1929760	NA	NA	2637370	NA	1431890	936985	NA	NA	NA	NA	9054120	1181890	NA	924011	NA	NA	NA	NA	NA	NA	NA	1028790	NA	NA	4344130	NA	871831	NA	NA	NA	NA	NA	1522160	NA	NA	NA	1076930	9482570.00000001	1390130	NA	NA	900170.000000001	NA	596398	714063	6204220	947646.999999999	1839330	1503900	NA	NA	NA	762928	NA
IQNWHEEHR	P35241	NA	NA	105327	NA	NA	64716.6	NA	NA	NA	124703	NA	50558.8	35472.9	NA	NA	NA	132306	92159.2	NA	NA	NA	144007	NA	NA	NA	NA	NA	65888.8	NA	191515	NA	NA	NA	NA	137857	NA	158169	209809	NA	51753.9	NA	NA	66676.8999999999	NA	NA	NA	NA	159087	NA	NA	NA	NA	NA	NA	NA	NA	NA	NA	NA	NA	NA	NA	NA	NA	NA	NA	240967	NA	70654.4000000001	NA	NA	NA	NA	NA	NA	146252	NA	NA	NA	NA	NA	NA	NA	NA	NA	NA
LLILADMADVYK	P35221	988124	4818400	7495750	NA	8193520	3179390	9525490	3803510	4295580	6134120	4990680	2373360	4202790	5527890	4370190	3335600	2836280	3749820	5301040	3935530	3704200	2773950	2726750	4980560	6106260	10945300	13654900	7518790	9238480.00000001	8347969.99999999	2047710	2480640	3130370	1404980	5821690	3938060	3096140	4344850	6291400	5686770	5259200	2501200	7111840	3885560	1526490	4855740	7130280	5195480	1432940	NA	1615880	4317870	2107270	5259500	2619860	NA	6335520	3920930	1783490	3436950	2985710	946038.000000001	1069260	14126200	7165210	7992870	10953900	6246210.00000001	12923800	4740660	4668150	7263340	5600490	4669140	3187120	3408980	8065080	NA	7317240	3563000	6023170	7794730	4483300	5808730	12524400	11934200
AIMEMPSFYSHGLPR	P55265	1246338.72636231	1053546.86378986	318733.99999098	204693.999994207	914917.391853959	283724.999991973	1474233.27686013	957829.999972896	576674.999983677	875649.290476143	839775.913091769	1887801.20051917	2784387.29915918	2000372.51504165	883607.999974994	1801550.38320215	1783993.23314844	1329124.45127662	746020.612279575	NA	NA	NA	NA	1436509.99995935	NA	1000215.45119742	1010780.49549637	1472295.27732303	890285.999974807	1231514.32017199	516894.999985374	597157.999983101	799709.696443038	345669.999990218	1103618.6393324	NA	1126933.5497733	130930.999996295	750471.741831664	771455.999978165	523778.999985176	1410756.73495631	1079783.64620741	250814.9999929	1322023.48489217	1300799.40956821	516155.999985392	1236899.99996499	331474.999990619	NA	1425796.62901389	1669072.30550182	NA	1083142.90203055	927145.999973764	886655.999974909	NA	NA	490242.999986128	NA	NA	NA	NA	1200647.48133331	622909.999982372	198938.99999437	780064.561034842	305512.999991354	1596173.89928435	1337399.99996215	535418.999984849	NA	NA	1301169.99996318	NA	859732.999975669	450448.999987253	921808.320756778	615420.999982582	924732.999973835	855527.999975788	NA	NA	540421.99998471	325953.999990775	1038039.99997063
DKPTYDEIFYTLSPVNGK	Q9H4M9	399001	NA	254876	526237	NA	NA	NA	346736	160728	285555	828041	804172	272433	NA	382752	561841	692189	NA	NA	NA	NA	NA	NA	NA	NA	NA	234493	228712	NA	NA	NA	569659	516032	NA	76348	NA	114899	131899	366188	NA	NA	563034	183808	449513	658275	285880	NA	534853	NA	NA	NA	NA	218914	1390550	NA	523959	486009	566642	NA	NA	NA	460789	NA	NA	NA	NA	424064	627369	127164	706153	NA	NA	NA	NA	NA	183147	NA	316873	NA	NA	NA	NA	NA	NA	NA	NA
AIWNVINWENVTER	P04179	48018844.7161415	17864593.3710388	12813154.7590688	5379387.67246115	10233722.6327498	43925440.2717552	27027270.917941	87816851.2835157	44219776.2179656	21348485.4992631	96191450.0641778	14018327.2526092	10887120.5100649	30018684.4958359	28578919.5564621	43443235.5641571	60867447.6996562	25957919.9371004	102856616.250807	25374622.460727	22474754.5234756	24658303.5338771	31693516.8613723	12660866.2458872	11822275.0615595	20365546.7813267	21233114.3768481	7529041.9258553	6316823.23273499	6540696.55825844	74919995.9125013	35376510.3916803	57593393.1652778	130764604.994543	12431775.2891265	4455910.0000175	69833464.3116945	26420767.7560422	27657149.2567694	70846114.3178097	13902801.8038809	78333155.9282417	5329789.97470802	48795377.9375089	40897201.2967692	14808684.2017779	47785215.5815804	44419330.8968861	62190322.3007021	20072592.3344175	27008511.0509857	19089626.5382703	38235155.3659765	44896910.7514798	50529368.6943843	48577376.478655	14134833.8322402	12856937.7120795	65365662.798156	31959555.4396935	25578139.2704943	46470608.067176	45610770.0133539	14926844.9963324	17739024.2870562	18514706.8403136	14954694.2744475	19588715.8411378	10283823.160997	3307827.65242652	11006938.6627406	6834958.3836561	17537966.5145387	4579260.00001799	28710537.2744542	22424554.3040448	39254982.4319133	26789223.7277447	41349778.4940194	31445639.247232	3593796.14084728	8609711.86131355	24207472.321773	34421635.9571896	7311190.87709343	9610380.91090157
IAELEMQLLLAR	Q02318	49813.2	NA	NA	NA	NA	NA	NA	953728	NA	NA	NA	NA	NA	NA	NA	NA	NA	NA	NA	NA	NA	NA	NA	NA	NA	NA	NA	NA	NA	NA	NA	NA	235819	NA	NA	NA	NA	NA	NA	NA	NA	NA	NA	NA	NA	NA	NA	NA	NA	NA	NA	NA	NA	NA	NA	NA	NA	NA	NA	NA	NA	NA	NA	NA	NA	NA	NA	NA	NA	NA	NA	NA	NA	NA	NA	NA	NA	NA	NA	NA	NA	NA	NA	NA	NA	NA
WNTDNTLGTEITVEDQLAR	P21796	NA	NA	NA	NA	NA	NA	NA	NA	NA	NA	NA	NA	NA	NA	NA	NA	NA	NA	NA	NA	NA	NA	NA	NA	NA	NA	NA	NA	NA	270869	NA	NA	NA	NA	NA	NA	NA	NA	NA	NA	NA	NA	NA	NA	NA	NA	NA	NA	NA	NA	NA	NA	NA	NA	NA	NA	NA	NA	NA	NA	NA	NA	NA	NA	NA	NA	NA	NA	NA	NA	NA	NA	NA	NA	NA	NA	NA	NA	NA	NA	NA	NA	NA	NA	NA	NA
GSAYLEAGGTK	Q5RKV6	394910	975665.999999999	310011	1375500	1109090	679250.999999999	631178	484164	821265	604723	663662	774295	930335	799976.000000001	785012.000000001	777777.999999999	677805	556310	613773	608319	983350	496348	384503	NA	457102	589494	548761	348907	465067	508615	628589	480978	601246	956917	316356	NA	571040	645853	851967.999999999	457503	665170.000000001	918733.999999999	473484	1257850	707866	563464	470788	284823	831488	441839	719918	705640	NA	NA	517372	475420	492668	NA	NA	495703	NA	NA	NA	557359	NA	369839	685728.999999999	856374.000000001	534930	604303	577457	449071	785905	922531	NA	506281	841002	677103	552266	233917	NA	792393	313245	349168	NA	NA
ASLPTGEGSISHEEQK	Q9BRQ6	NA	37344.8	53936.9	22723.5	27169	36558.6	52449.8	NA	NA	59127.7	NA	NA	NA	70581.6	NA	NA	33980.4	74422.5	NA	NA	NA	NA	NA	NA	NA	48845.2	12796.8	23133.9	7032.68	NA	NA	9917.98999999999	NA	NA	36359.4	NA	98206.9	NA	NA	NA	109846	NA	62743.5	20239.9	NA	NA	NA	91338.1999999999	NA	NA	NA	NA	NA	NA	NA	NA	NA	NA	NA	NA	NA	NA	NA	43936.2	NA	70211.5	50126.1	NA	NA	NA	NA	NA	NA	NA	NA	NA	NA	NA	NA	NA	NA	NA	NA	NA	NA	NA
WEDAIPLALK	P09960	2317930	2416170	3478770	4632860	2195230	1855530	1471260	2748170	2506080	2770010	1669080	1928730	1429960	1791450	1792640	2077640	2138230	2260340	2495890	2083950	2195760	2438660	2576010	1771540	572032	3722850	2641980	1923850	2063170	1864490	1916320	2709320	2471510	537865	2609160	850683	1729510	2007660	2020880	2745580	3110870	4576310	2721720	5035890	3700150	3115900	1581820	2315290	1919640	671431	2118540	2449880	6733480	1036680	1009000	2520030	2293140	6422610	3641290	771763	1886440	2251500	1357670	2517350	1368710	1481450	2112200	2006290	1308600	1335920	1333480	1157250	1467430	892132.999999999	2658730	3043540	1986900	2002930	2020140	984191	482752	2443190	2235700	2772490	2527490	3169000
FGVPIIADGGIQTVGHVVK	P20839	214997	NA	NA	291467	541501	NA	NA	NA	NA	NA	68476.5	694154	NA	342396	NA	77136.4	751584.999999999	337552	NA	NA	NA	NA	NA	NA	NA	NA	NA	NA	NA	NA	271234	121463	NA	NA	111781	NA	NA	NA	242308	NA	268366	354155	NA	NA	NA	NA	NA	51788.4	NA	NA	NA	NA	NA	NA	NA	NA	NA	NA	NA	NA	NA	NA	NA	NA	NA	NA	NA	NA	NA	NA	NA	NA	NA	NA	NA	NA	NA	NA	NA	NA	NA	NA	NA	NA	NA	NA
SQLISQAWGPPGGPR	Q96RT7	NA	NA	NA	NA	NA	NA	NA	NA	NA	NA	NA	NA	NA	NA	NA	72076.4000000001	NA	NA	NA	NA	NA	NA	NA	NA	NA	NA	NA	NA	NA	NA	NA	NA	NA	NA	NA	NA	129424	NA	NA	NA	NA	NA	NA	NA	NA	NA	NA	NA	NA	NA	NA	NA	NA	NA	NA	NA	NA	NA	NA	NA	NA	NA	NA	NA	NA	NA	NA	NA	NA	NA	NA	NA	NA	NA	NA	NA	NA	NA	NA	NA	NA	NA	NA	NA	NA	NA
ATISSPLELEGTVSR	Q96GS4	NA	NA	545353	116318	53503.6	269132	NA	NA	161674	134444	63644.9	NA	81411.2	111780	315580	NA	134210	38780.7	252867	NA	NA	NA	NA	NA	NA	130426	110159	60587.4	NA	NA	78012.6000000001	174450	NA	126332	NA	NA	177075	NA	NA	134408	NA	190059	182740	533757	149125	91908.4	259752	109396	NA	NA	NA	NA	93854.6	NA	NA	NA	NA	96529.9	193887	NA	NA	NA	NA	118176	NA	NA	NA	NA	169141	NA	NA	NA	NA	NA	NA	NA	170345	NA	NA	NA	NA	NA	NA	NA	NA	NA
QAEILQESR	O75347	1416000	233384	1037800	867274	NA	347882	566265	748250	1017840	998188	205363	1014770	735030	NA	1040680	781257	697342	330147	632217	NA	711468	1174750	1464550	1100380	1148460	NA	1164060	1140850	1448330	1498630	397699	916862	61083.6999999999	NA	705287	1544080	275095	734172	157380	612665	NA	1292520	2525600	NA	799562	NA	1080210	368176	317458	1832740	1125140	1026720	3796590	1012700	533270	585408	570224	2073820	716357	816882.000000001	1368070	1290990	349332	948765	NA	NA	637882	NA	1555960	2282270	522364	2852220	1732520	3555210	1512090	746903	234067	2071150	2335500	152698	1010430	956780	404971	1268280	2159100	1577590
LESQAGQQVSR	P49815	NA	181046	70296.4	258309	48241.2	247953	363078	290992	208502	314178	212917	276993	422187	198680	275509	320549	375932	160534	82088.1999999999	260861	NA	257921	346998	344325	391745	250384	290299	69201.4000000001	272534	345562	116268	210575	NA	NA	41308.4	95016.9	257931	141871	257723	322341	153563	107662	23395.9	211637	308476	366537	35092.7	105307	320230	NA	261130	361695	213907	335260	331190	125087	459469	275724	310397	298349	97685	116343	282532	350504	NA	NA	434545	212120	402880	181918	325971	70839.3	179448	269616	53301.8	240507	192003	239085	NA	288780	483332	346710	136459	317137	137785	515167
EWSGLLEELAR	Q01813	1275630	NA	8592000	5988980.00000001	6494310	2804820	9158600	4424860	7213390	3590300	4597280	6695410	1738450	7848460	5043710	5569530	6421270	2593200	3557130	2535520	2641020	4298730	3806000	2640530	5893150.00000001	3452410	3708500	5631910	2325290	7329890.00000001	NA	6357380	4417870	NA	18250900	2425650	3586280	5101800	6425700	7841120	2608680	NA	4210690	5913360	2723550	3752940	NA	9534859.99999999	7822350	NA	11886100	15981200	12245000	7692640	3400080	NA	2908530	4806860	7902680	5719250	5934520	4480590	2989960	5999270	NA	4073540	8125860	3063840	4583210	6662130	3936730	7465520	7334750	5206730	3412520	999615	6094210	3623600	NA	4592740	6965540	6067380	7113650	10333000	7591360	5157160
