File.Name	Run	Protein.Group	Protein.Ids	Protein.Names	Genes	PG.Quantity	PG.Normalised	Genes.Quantity	Genes.Normalised	Genes.MaxLFQ	Genes.MaxLFQ.Unique	Modified.Sequence	Stripped.Sequence	Precursor.Id	Precursor.Charge	Q.Value	Protein.Q.Value	PG.Q.Value	GG.Q.Value	Proteotypic	Precursor.Quantity	Precursor.Normalised	Label.Ratio	Quantity.Quality	RT	RT.Start	RT.Stop	iRT	Predicted.RT	Predicted.iRT	First.Protein.Description	Lib.Q.Value	Ms1.Profile.Corr	Ms1.Area	Evidence	CScore	Decoy.Evidence	Decoy.CScore	Fragment.Quant.Raw	Fragment.Quant.Corrected	Fragment.Correlations	MS2.Scan	peptide_seq	protein_id	protein_description	start_position	end_position	last_aa	aa_after	aa_before	following_10_resid	previous_10_resid
Lymph_002	Lymph_002.mzML	NA	NA	NA	NA	935688000	935688000	NA	NA	NA	NA	GEIGLPGP	GEIGLPGP	GEIGLPGP1	1	0.00301655	1	1	1	0	2809190	2809190	0	0.960112	75.0048	74.8034	75.4082	118.671	75.5256	117.557	NA	0.059685	-0.374335	1740510	4.04876	0.942351	1.99407	0.178209	2.2105e+06;519403;496572;140893;125492;357558;	2.2105e+06;309281;478578;0;120113;123698;	0.98067;0.66601;0.886057;-0.119232;0.876844;0.164774;	224621	GEIGLPGP	Q05707	Collagen alpha-1(XIV) chain	1492	1499	P	Q	R	QGPPGPQGPS	PGPKGPDGPR
Lymph_002	Lymph_002.mzML	NA	NA	NA	NA	935688000	935688000	NA	NA	NA	NA	TLIMQLLR	TLIMQLLR	TLIMQLLR2	2	2.83447e-4	1	1	1	0	1393160	1393160	0	0.91519	82.1409	82.0402	82.2916	145.512	81.8782	149.995	NA	0.0145811	0	0	5.10348	0.996795	0	-10000000	606881;582844;236196;73761.1;23586.4;14032.6;	605004;551960;236196;63478;8558.62;5091.91;	0.929172;0.905695;0.901565;0.86622;0.714492;0.714492;	246002	TLIMQLLR	P27348	14-3-3 protein theta	215	222	R	D	S	DNLTLWTSDS	TLNEDSYKDS
Lymph_002	Lymph_002.mzML	NA	NA	NA	NA	935688000	935688000	NA	NA	NA	NA	LLLIGVSGAGK	LLLIGVSGAGK	LLLIGVSGAGK2	2	5.62806e-4	1	1	1	0	1657610	1657610	0	0.795081	59.7801	59.5789	60.1327	84.4996	60.2936	83.153	NA	0.0219814	0.754329	8331220	3.75507	0.995876	0	-10000000	731183;548800;880140;624784;380565;	731183;71244.4;587190;339242;205262;	0.906499;0.0913696;0.742998;0.645086;0.599907;	178963	LLLIGVSGAGK	Q14204	Cytoplasmic dynein 1 heavy chain 1	2933	2943	K	T	H	TTLSRFVAWM	DRIFRQPQGH
Lymph_002	Lymph_002.mzML	NA	NA	NA	NA	935688000	935688000	NA	NA	NA	NA	DIALHINPR	DIALHINPR	DIALHINPR2	2	5.01505e-4	1	1	1	0	446974	446974	0	0.820712	46.2254	46.0238	46.3769	52.6213	46.3841	51.9202	NA	0.00153737	0.293328	2277050	3.99867	0.996468	1.84233	0.182111	334999;83747.7;144860;180221;96627.3;	253049;32589.8;144860;101453;49065.1;	0.734332;0.646891;0.988475;0.516577;0.770905;	138347	DIALHINPR	P56470	Galectin-4	232	240	R	M	G	MGNGTVVRNS	AINFKVGSSG
Lymph_002	Lymph_002.mzML	NA	NA	NA	NA	935688000	935688000	NA	NA	NA	NA	NPQSPFC(UniMod:4)VASSLK	NPQSPFCVASSLK	NPQSPFC(UniMod:4)VASSLK2	2	5.01505e-4	1	1	1	0	424540	424540	0	0.94131	54.654	54.4526	54.8555	69.2754	53.7733	71.2316	NA	0.020437	0	0	3.41755	0.996274	1.5416	0.408609	221374;114476;93931.8;114616;	221374;114476;88690;68871.7;	0.967977;0.988167;0.81427;0.486817;	163612	NPQSPFCVASSLK	Q9H3R2	Mucin-13	354	366	K	C	P	CPDACNAQHK	CDCKSDLQRP
Lymph_002	Lymph_002.mzML	NA	NA	NA	NA	935688000	935688000	NA	NA	NA	NA	LTAAIPPESLTR	LTAAIPPESLTR	LTAAIPPESLTR2	2	0.0033954	1	1	1	0	418097	418097	0	0.923355	54.9495	54.6473	55.151	73.3986	55.4489	71.9345	NA	0.0590349	0	0	2.14088	0.935185	1.64536	0.244555	314531;140669;36913;141331;0;0;	314531;103566;0;0;0;0;	0.977442;0.759093;0.596415;-0.197468;0;0;	164497	LTAAIPPESLTR	Q16891	MICOS complex subunit MIC60	612	623	R	G	A	GVYSEETLRA	NCSDNEFTQA
Lymph_002	Lymph_002.mzML	NA	NA	NA	NA	935688000	935688000	NA	NA	NA	NA	AGSVILLENLR	AGSVILLENLR	AGSVILLENLR2	2	2.40836e-4	1	1	1	0	1437320	1437320	0	0.941952	68.299	68.0471	68.5003	103.464	68.624	102.564	NA	0.0147514	0.726883	1155140	5.47463	0.996925	2.26244	0.474963	656201;317031;530281;330164;265845;76201;	590047;316995;530281;330164;253979;69777.6;	0.932481;0.910284;0.97142;0.908188;0.872917;0.826406;	204502	AGSVILLENLR	P00558	Phosphoglycerate kinase 1	113	123	R	F	A	FHVEEEGKGK	EVEKACANPA
Lymph_002	Lymph_002.mzML	NA	NA	NA	NA	935688000	935688000	NA	NA	NA	NA	SPTVIVTK	SPTVIVTK	SPTVIVTK1	1	2.40836e-4	1	1	1	0	2363260	2363260	0	0.9359	31.0866	30.8357	31.3385	17.6086	31.8409	16.0089	NA	0.0213641	0.954442	7761910	5.51784	0.997039	0	-10000000	1.38879e+06;1.02458e+06;558396;472630;301666;87162.3;	1.33384e+06;997325;558396;471031;301666;86183.4;	0.941185;0.908944;0.927394;0.931017;0.904943;0.858032;	92975	SPTVIVTK	>rev_sp|Q16822|PCKGM_HUMAN	Phosphoenolpyruvate carboxykinase [GTP], mitochondrial OS=Homo sapiens OX=9606 GN=PCK2 PE=1 SV=4	526	533	K	S	Q	SEVRAVDKPD	GPPLPVTDRQ
Lymph_002	Lymph_002.mzML	NA	NA	NA	NA	935688000	935688000	NA	NA	NA	NA	HPYFYAPELL	HPYFYAPELL	HPYFYAPELL2	2	2.40836e-4	1	1	1	0	1721030	1721030	0	0.986007	78.5268	78.2754	78.7281	126.115	78.6348	125.65	NA	0.00299619	0.985275	12457100	4.78684	0.996903	1.25492	0.355626	1.19119e+06;421598;252419;281633;119328;	1.1801e+06;421598;252419;271202;119328;	0.987052;0.988861;0.952038;0.839803;0.965585;	235163	HPYFYAPELL	P02768	Albumin	170	179	L	F	R	FFAKRYKAAF	KKYLYEIARR
Lymph_002	Lymph_002.mzML	NA	NA	NA	NA	935688000	935688000	NA	NA	NA	NA	IYAVAQTAYR	IYAVAQTAYR	IYAVAQTAYR2	2	4.21479e-4	1	1	1	0	717572	717572	0	0.966651	42.3534	42.2027	42.6556	42.678	42.7263	42.019	NA	7.71903e-4	0.181468	2381840	4.78347	0.996688	2.23275	0.130457	697846;418669;108484;192722;267213;18361.5;	697846;416366;108484;192722;247092;0;	0.961208;0.969627;0.961452;0.963149;0.892542;0.0424756;	126733	IYAVAQTAYR	Q92614	Unconventional myosin-XVIIIa	474	483	R	A	H	AMLMSRQDQS	GCRREDMAPH
